Place,Emirate,Category,Rating,Timing,Entry Fee,Description,Detailed Info,Image,
Ajman Beach,Ajman,Beach,4.4,Open 24 Hours,Free,"Known for its pristine white sands and clear blue waters, Ajman Beach is a peaceful coastal spot ideal for relaxation. The shoreline features walking paths, palm trees, and cozy seating areas where visitors can watch stunning Arabian Gulf sunsets. It is less crowded than beaches in neighboring emirates, offering a quiet and serene environment. It provides a natural and refreshing getaway for beachgoers seeking tranquility.",Ajman Beach boasts soft white sands and a peaceful coastal atmosphere.,ajman_beach.jpg,
Ajman Marina,Ajman,Marina,4.5,Open 24 Hours,Free,"This picturesque waterfront development features a well-maintained promenade designed for leisurely strolls, jogging, and cycling. Lined with palm trees and modern residential complexes, it offers lovely views of docked boats and calm waters. Visitors can enjoy nearby cafes and restaurants while soaking in the relaxed coastal atmosphere of Ajman. It represents the modern and developing side of the emirate's waterfront lifestyle.",Ajman Marina offers a relaxing spot to watch traditional abras and boats pass by.,ajman_marina.jpg,
Ajman Museum,Ajman,Museum,4.5,8:00 AM - 8:00 PM,AED10,"Housed inside an 18th-century fort that once served as the ruler's palace and defensive stronghold, this museum preserves local heritage. Its exhibition rooms display archaeological artifacts, traditional weaponry, pearl diving equipment, and historical dioramas of daily life. Visitors gain a deep understanding of how Ajman transitioned from a fishing and pearl-diving community into a modern city. It is an essential cultural stop for history enthusiasts.",Ajman Museum features historical artifacts traditional pearl-diving exhibits and old weapons.,ajman_museum.jpg,
Al Bidya Mosque,Fujairah,Mosque,4.6,8:00 AM - 8:00 PM,Free,"Dating back centuries, Al Bidya Mosque is the oldest known place of worship in the United Arab Emirates, built from stone and mud brick. Its unique architectural style features four small domes and an internal central pillar, showcasing ancient regional engineering techniques. Surrounded by rugged hills, the historic mosque continues to stand as a testament to Fujairah's deep Islamic heritage. It offers a fascinating historical stop for archaeology and culture lovers.",Al Bidya Mosque features a unique mud-and-stone structure topped with four distinct domes.,albidya_mosque.jpg,
Al Khan Beach,Sharjah,Beach,4.5,Open 24 Hours,Free,"A popular urban coastal destination in Sharjah, Al Khan Beach offers a wide stretch of golden sand and calm waters. It is well-equipped with facilities for swimming, kayaking, paddleboarding, and various other water sports activities. Families and travelers frequent the area to relax under the sun while enjoying views of the Sharjah city skyline. It provides a vibrant and accessible seaside escape for both residents and tourists.",Al Khan Beach is a popular coastal spot in Sharjah perfect for swimming and beach activities.,alkhan_beach.jpg,
Al Majaz Waterfront,Sharjah,Waterfront,4.7,10:00 AM - 12:00 AM,Free,"Located along Khalid Lagoon, Al Majaz Waterfront is a family-friendly leisure destination featuring landscaped gardens, walking tracks, and play areas. Its centerpiece is the spectacular Sharjah Musical Fountain, which puts on mesmerizing water and light shows every evening. Visitors can dine at a variety of international restaurants while enjoying scenic waterfront views and seasonal events. It is a lively community hub that anchors recreational life in Sharjah.",Al Majaz Waterfront hosts the Sharjah Musical Fountain show and waterfront restaurants.,almajaz_waterfront.jpg,
Al Marjan Island Beach,Ras Al Khaimah,Beach,4.5,Open 24 Hours,Free,"Spread across a cluster of coral-shaped coral islands, this coastal destination offers pristine beaches and luxurious resort environments. The area is favored for weekend getaways, beach camping, water sports, and leisurely seaside walks. Visitors can enjoy uninterrupted views of the open sea while relaxing in a tranquil setting. It is a premier leisure zone contributing to Ras Al Khaimah's growing tourism sector.",Al Marjan Island Beach offers pristine white shoreline ideal for beach camping and swimming.,almarjan_beach.jpg,
Al Murabba Watchtower,Ajman,Historical,4.4,Open 24 Hours,Free,"Standing proudly as a prominent historical landmark in Ajman, this traditional watchtower was originally constructed in the 1930s to safeguard the coastal community. Built using traditional materials like coral stone, gypsum, and local timber, it reflects the classic defensive architecture of the northern emirates. Today, it serves as a cherished cultural monument that honors the strategic heritage and protective history of early Ajman. Visitors can view the beautifully restored structure to appreciate how local leaders monitored and defended the coastline generations ago.",Al Murabba Watchtower stands as a historic landmark along the Ajman corniche representing local defense history.,almurabba_tower.jpg,
Al Noor Island,Sharjah,Island,4.6,9:00 AM - 11:00 PM,AED30,"A tranquil artistic retreat situated on Khalid Lagoon, Al Noor Island combines contemporary art installations with lush botanical landscapes. Visitors can stroll through quiet literary pavilions, view outdoor sculptures, and step inside the enchanting Butterfly House home to hundreds of exotic butterflies. Illumination displays transform the island into a magical glowing wonderland after sunset. It offers a serene escape focused on nature, art, and peaceful reflection.",Al Noor Island features a butterfly house digital art installations and serene literary pavilions.,alnoor_island.jpg,
Al Zorah Nature Reserve,Ajman,Nature,4.6,Open 24 Hours,Free,"Spanning a protected coastal wetland in Ajman, this thriving mangrove forest is home to flamingos, herons, and diverse marine life. Visitors can explore the winding channels through guided kayaking eco-tours or enjoy the tranquil natural scenery. It acts as an environmental sanctuary that preserves vital biodiversity along the coast. It is a top destination for eco-tourism and nature photography.",Al Zorah Nature Reserve is a protected coastal mangrove wetland harboring over 100 species of birds.,alzora_reserve.jpg,
Burj Khalifa,Dubai,Landmark,4.9,9:00 AM - 11:00 PM,AED149,"Standing majestically at 828 meters, the Burj Khalifa is the tallest building in the world and an awe-inspiring architectural marvel. Visitors can ascend to the At The Top observation decks on the 124th, 125th, and 148th floors for breathtaking 360-degree panoramic views of Dubai. At the base, the magnificent Dubai Fountain show captivates crowds with synchronized water and light performances. It is an absolute must-visit landmark that showcases modern engineering and luxury at its finest.",Standing at 828 meters Burj Khalifa is the world's tallest structure.,burj_khalifa.jpg,
Dhayah Fort,Ras Al Khaimah,Historical,4.5,8:00 AM - 6:00 PM,Free,"Perched high on a strategic rocky hill overlooking green date palm groves and the sea, this 19th-century fort is a historic military stronghold. Climbing the stone staircase rewards visitors with panoramic views of the surrounding mountains and coastal flats. It played a crucial role in regional history as the site of a significant battle during the early 19th century. It stands as a rugged and evocative reminder of the emirate's fortified past.",Dhayah Fort offers panoramic views of green palm gardens sea and mountain ranges.,dhayah_fort.jpg,
Dreamland Aqua Park,Umm Al Quwain,Theme Park,4.4,10:00 AM - 6:00 PM,AED160,"One of the largest water parks in the region, Dreamland Aqua Park offers a wide range of family-friendly water slides and attractions. Set within landscaped greenery overlooking the coast, it features wave pools, lazy rivers, and thrilling tube rides. It is a popular weekend destination for families looking to cool off and have fun. It provides a lively recreational escape in Umm Al Quwain.",Dreamland Aqua Park features thrilling water slides a massive wave pool and camping grounds.,dreamland_park.jpg,
Dubai Frame,Dubai,Landmark,4.7,9:00 AM - 9:00 PM,AED50,"This iconic cultural landmark bridges Dubai's remarkable past and its futuristic skyline through two massive vertical towers connected by a striking glass bridge. Standing inside the structure, visitors can gaze backward toward historical older Dubai districts and forward into the ultra-modern gleaming towers of Downtown. The panoramic sky deck offers thrilling transparent glass-floor walks that let you look straight down to the ground below. It serves as an incredible architectural telescope celebrating the rapid transformation of the emirate.",Dubai Frame is a 150-meter-tall architectural landmark shaped like a massive picture frame.,dubai_frame.jpg,
Emirates Palace,Abu Dhabi,Hotel,4.7,Open 24 Hours,Free,"A pinnacle of luxury and Arabian hospitality, the Emirates Palace is a stunning hotel featuring grand domes, gold leaf accents, and expansive manicured gardens. While it serves as a prestigious accommodation for world leaders, visitors are welcome to explore its magnificent public halls and sample its famous gold-flaked coffees. The palace sits gracefully along a pristine private beach overlooking the blue waters of the Arabian Gulf. It represents the ultimate embodiment of royal opulence and architectural grandeur in the capital.",Emirates Palace is an ultra-luxurious landmark hotel embodying Arabian opulence.,emirates_palace.jpg,
Falaj Al Muallah,Umm Al Quwain,Historical,4.3,Open 24 Hours,Free,"Located inland from the coastal city, this historic agricultural oasis is centered around an ancient traditional falaj irrigation system. The area features lush date palm farms, traditional mud-brick structures, and a peaceful desert-adjacent atmosphere. It highlights the traditional agricultural practices that sustained local communities for generations. It offers a rustic and educational look into inland Emirati life.",Falaj Al Muallah features ancient defensive watchtowers and date-palm groves.,falaj_al_muallah.jpg,
Ferrari World Abu Dhabi,Abu Dhabi,Theme Park,4.8,12:00 PM - 8:00 PM,AED345,"Located on Yas Island, this high-octane indoor theme park celebrates the legendary Italian automotive brand with thrilling rides and attractions. It houses Formula Rossa, the world's fastest roller coaster, which launches adrenaline seekers at staggering speeds of up to 240 km/h. Visitors of all ages can enjoy family-friendly racing simulators, live stunt shows, and interactive engineering exhibits. It provides an action-packed entertainment destination for speed enthusiasts and families alike.",Ferrari World Abu Dhabi features Formula Rossa reaching speeds of 240 km/h.,ferrari_world.jpg,
Fujairah Corniche,Fujairah,Corniche,4.6,Open 24 Hours,Free,"Stretching along the Gulf of Oman coastline, the Fujairah Corniche provides a scenic coastal park area for families and fitness enthusiasts. It features shaded walking paths, children's play zones, and open grassy areas overlooking the dramatic Hajar backdrop. Visitors frequently gather here to enjoy sea breezes, evening strolls, and community outdoor events. It is a vibrant recreational focal point for the emirate.",Fujairah Corniche features cycling tracks children's play areas and open grassy lawns.,fujairah_corniche.jpg,
Fujairah Fort,Fujairah,Historical,4.5,8:00 AM - 5:00 PM,AED10,"Built in the 16th century, Fujairah Fort is one of the oldest and largest defensive strongholds in the country, constructed from mud, gravel, and gypsum. Its distinct round towers and thick protective walls reflect traditional Emirati military architecture. Positioned on a modest hill, the fort offers commanding views over the surrounding town and date plantations. It is a historical treasure that highlights the strategic defense of the east coast.",Fujairah Fort was built from mudbrick and stone in the 16th century to defend the coastline.,fujairah_fort.jpg,
Heart of Sharjah,Sharjah,Historical,4.7,8:00 AM - 8:00 PM,Free,"This major heritage project aims to restore and preserve the historic districts of Sharjah to showcase traditional Emirati architecture and lifestyle. Visitors can walk through narrow alleys lined with coral-stone buildings, traditional souks, and restored historical museums. The district hosts cultural exhibitions and workshops that highlight regional history, crafts, and folklore. It serves as a fascinating open-air window into the cultural origins of the emirate.",Heart of Sharjah is a vibrant cultural district filled with restored traditional markets and heritage houses.,heart_of_sharjah.jpg,
Jebel Jais,Ras Al Khaimah,Mountain,4.8,6:00 AM - 6:00 PM,Free,"Rising majestically in Ras Al Khaimah, Jebel Jais is the highest mountain peak in the United Arab Emirates, offering breathtaking craggy canyon views and cooler climate escapes. It is a paradise for adventure seekers, featuring the world's longest zipline that propels thrill-seekers across deep mountain gorges at incredible speeds. Visitors can also explore winding scenic driving roads, hiking trails, and the highest restaurant in the country. It provides an exhilarating outdoor experience away from the bustling coastal cities.",Jebel Jais features dramatic canyon views winding driving roads and the world's longest zipline.,jebel_jais.jpg,
Khor Al Beidah,Umm Al Quwain,Nature,4.4,Open 24 Hours,Free,"This vast coastal wetland and mangrove ecosystem is a critical sanctuary for migratory birds, marine life, and coastal flora. The serene tidal flats and channels provide an ideal habitat for flamingos, herons, and various fish species. Nature enthusiasts and bird watchers frequent the area for peaceful boat tours and wildlife observation. It stands as an ecologically vital natural asset of Umm Al Quwain.",Khor Al Beidah is renowned as a critical habitat for migratory birds and marine life.,khor_al_beidah.jpg,
Louvre Abu Dhabi,Abu Dhabi,Museum,4.8,10:00 AM - 6:30 PM,AED63,"Located on Saadiyat Island, this stunning museum is a universal art institution designed by architect Jean Nouvel under a magnificent floating geometric dome. The brilliant dome filters sunlight to create a mesmerizing ""rain of light"" effect that illuminates the open-air plazas below. Inside, its galleries display masterpieces spanning thousands of years of human history, connecting diverse cultures from East and West. It is a premier cultural destination that blends world-class art with avant-garde modern architecture.",Louvre Abu Dhabi displays universal artworks spanning centuries from human history.,louvre_abudhabi.JPG,
Miracle Garden,Dubai,Theme Park,4.6,9:00 AM - 9:00 PM,AED95,"Spanning an immense area of vibrant floral displays, this breathtaking attraction is the world's largest natural flower garden featuring over 50 million blooming plants. Visitors can wander past whimsical life-sized structures, heart-shaped archways, and floral-clad replicas of famous architectural icons like airplanes and castles. Every season introduces stunning new thematic designs that burst with dazzling colors under the desert sun. It provides a magical and photographic wonderland that showcases incredible landscape artistry.",Dubai Miracle Garden is the world's largest natural flower garden displaying over 50 million blooming plants.,miracle_garden.jpg,
Museum of the Future,Dubai,Museum,4.8,10:00 AM - 7:30 PM,AED149,"AResembling an eye-catching silver torus engraved with Arabic calligraphy, this futuristic landmark serves as a gateway to tomorrow's technological innovations. Inside, immersive multi-sensory exhibitions explore outer space travel, climate change solutions, wellness, and cutting-edge biotechnology. Visitors can interact with visionary prototypes and experience what life could look like decades into the future. It stands as an inspiring architectural masterpiece celebrating human creativity and progressive thinking.",Museum of the Future functions as an incubator for futuristic innovation.,museum_future.jpg,
Palm Jumeirah,Dubai,Island,4.8,Open 24 Hours,Free,"Shaped like a magnificent palm tree extending into the Arabian Gulf, this iconic artificial island is a global symbol of engineering brilliance. It hosts world-class luxury resorts, high-end beachfront dining, and pristine stretches of white sand coastline. Visitors can experience stunning aerial views from the Palm Monorail or the high-altitude observation deck at The View at The Palm. It offers an unforgettable blend of luxury living, relaxation, and striking coastal aesthetics.",Palm Jumeirah is a world-renowned palm tree-shaped artificial island housing exclusive luxury hotels.,palm_jumeirah.jpg,
Qasr Al Watan,Abu Dhabi,Palace,4.8,10:00 AM - 8:00 PM,AED65,"Situated within the Presidential Palace complex in Abu Dhabi, this magnificent cultural palace offers an extraordinary look into Arabian heritage and governance. The grand halls feature stunning white-and-gold architecture, intricate domes, and massive mosaic ceilings that reflect traditional craftsmanship. Visitors can explore grand exhibition rooms housing rare historical manuscripts, diplomatic gifts, and a vast library of knowledge. It is a majestic landmark that celebrates the values and traditions of the United Arab Emirates.",Qasr Al Watan is a working presidential palace that gives visitors a unique insight into UAE governance.,qasr_al_watan.jpg,
Sharjah Mosque,Sharjah,Mosque,4.8,Open 24 Hours,Free,"As one of the largest and most striking mosques in Sharjah, this majestic structure features grand Ottoman-style architecture and towering minarets. The interior boasts vast prayer halls adorned with intricate carpets, geometric tile work, and glowing chandeliers. Surrounded by peaceful gardens and courtyards, it offers a welcoming environment for visitors interested in Islamic design. It stands as an architectural landmark of spiritual significance and community pride.",Sharjah Mosque features grand cascading domes towering minarets and a peaceful courtyard.,sharjah_mosque.jpg,
Sheikh Zayed Grand Mosque,Abu Dhabi,Mosque,4.9,9:00 AM - 10:00 PM,Free,"Located in Abu Dhabi, this breathtaking architectural masterpiece is one of the world's largest mosques and a stunning tribute to cultural diversity. Featuring pristine white domes, intricate floral marble designs, and the world's largest hand-knotted carpet, it radiates peace and elegance. Visitors can wander through vast reflective pools and exquisite colonnades while learning about Islamic art and heritage. It offers a deeply moving and culturally enriching experience for travelers of all backgrounds.",Sheikh Zayed Grand Mosque is one of the world's largest mosques accommodating over 40,000 worshippers.,sheikh_zayed_mosque.jpg
Snoopy Island,Fujairah,Beach,4.7,Open 24 Hours,Free,"Named after its distinct rock formation resembling the cartoon dog sleeping on his back, this island off the coast of Fujairah is a marine paradise. It is renowned among snorkelers and scuba divers for its vibrant coral reefs, sea turtles, and colorful schools of fish. Visitors can swim directly from the shore to explore the rich underwater marine ecosystem. It stands as one of the top natural adventure spots in the UAE.",Snoopy Island is world-famous for crystal-clear snorkeling and diving spots.,snoopy_island.jpg,
Suwaidi Pearls Farm,Ras Al Khaimah,Historical,4.6,9:00 AM - 5:00 PM,AED150,"Located in the quiet waters of Al Rams in Ras Al Khaimah, this unique farm preserves the heritage of traditional Arabian pearl diving. Visitors board traditional dhow boats to learn about oyster cultivation, pearl harvesting history, and marine ecology. Guided tours offer hands-on insights into how natural and cultured pearls are produced in the region. It provides a fascinating cultural experience celebrating maritime history.",Suwaidi Pearls Farm offers cultural tours highlighting the UAE's rich history of pearl diving in Rams.,suwaidi_farm.jpg,
UAQ Fort,Umm Al Quwain,Historical,4.3,8:00 AM - 6:00 PM,AED15,"Situated in the old town area, the Umm Al Quwain Fort serves as a historical museum showcasing the emirate's past ruling history and culture. The building features traditional defensive towers and a sturdy courtyard layout constructed from local materials. Inside, displays house ancient artifacts, coins, pottery, and weapons discovered in local archaeological sites. It is a key historical attraction for visitors exploring the emirate.",UAQ Fort guards the old city and houses a museum exhibiting archaeological finds.,UAQ_fort.jpg,
UAQ Mangrove Beach,Umm Al Quwain,Nature,4.5,Open 24 Hours,Free,"This eco-friendly beach development allows visitors to relax directly amidst lush natural mangrove forests along the coast. The area features kayaking paths through the winding mangrove channels, paddleboarding, and designated low-impact camping spots. It highlights a harmonious balance between outdoor recreation and environmental conservation. It offers a unique and peaceful coastal experience unlike any other city beach.",UAQ Mangrove Beach offers peaceful waters and eco-tourism activities in Umm Al Quwain.,UAQ_mangroves.jpg,
Wadi Shawka,Ras Al Khaimah,Nature,4.6,Open 24 Hours,Free,"Tucked away in the rugged terrain of Ras Al Khaimah, Wadi Shawka is a popular destination for hikers, campers, and off-road driving enthusiasts. The area features dramatic mountain trails, a scenic dam reservoir, and seasonal running streams after rainfall. Visitors frequently hike up to the summit ridge for sweeping views of the surrounding wadi basin. It is an adventurous and accessible outdoor escape for nature lovers.",Wadi Shawka features a concrete dam reservoir rocky trails and scenic wading pools.,wadi_shawka.jpg,
Wadi Wurayah,Ras Al Khaimah,Nature,4.7,8:00 AM - 6:00 PM,Free,"This protected mountain wadi features freshwater waterfalls, natural pools, and a diverse ecosystem harboring rare plant and animal species. Nestled within the Hajar Mountains, it offers rugged hiking trails and scenic natural beauty far removed from city life. Conservation efforts help preserve its unique freshwater springs and geological formations. It provides an incredible ecotourism destination for nature lovers and hikers.",Wadi Wurayah features natural rock pools and seasonal cascading waterfalls.,wadi_wurayah.jpg,
Warner Bros. World Abu Dhabi,Abu Dhabi,Theme Park,4.7,12:00 PM - 8:00 PM,AED330,"This fully immersive indoor theme park brings iconic animated characters and superhero universes to life across six uniquely themed lands. Visitors can explore Gotham City, Metropolis, and Cartoon Junction while enjoying state-of-the-art rides and interactive family entertainment. The park is entirely air-conditioned, making it an ideal year-round destination for escaping the summer heat while seeking adventure. It offers a joyful and nostalgic experience for visitors of all age groups.",Warner Bros. World Abu Dhabi is a fully air-conditioned indoor theme park divided into immersive lands.,warner_bros.jpg,
Yas Marina,Abu Dhabi,Marina,4.6,Open 24 Hours,Free,"Situated on Yas Island, this vibrant waterfront promenade is lined with luxury yachts, upscale dining venues, and lively cafes overlooking the water. It serves as a social hub during major international motorsport events hosted at the adjacent Yas Marina Circuit. Visitors can enjoy sunset walks, boat tours, and a lively atmosphere that pulses with energy day and night. It is a premier lifestyle destination combining modern maritime elegance with recreational leisure.",Yas Marina is situated on Yas Island offering berths for 227 yachts and a vibrant promenade.,yas_marina.jpg,
